Customer_ID,Customer_Name,Transaction_Amount,Date,Transaction_Type,Age,CreditScore,SpendingScore,LoanHistory,Income
1005,Charles Solis,65280.8,17-10-2025,Debit,51,780,65,Average,68363
1018,Jesus Ware,33327.88,28-08-2025,Debit,27,521,41,Bad,106351
1053,Casey Dunn,18529.68,31-01-2026,Debit,18,632,32,Bad,112546
1042,Stephanie Costa,48797.31,29-03-2026,Credit,57,526,65,Bad,146130
1004,Barry Wolfe,43012.14,17-11-2025,Credit,39,379,4,Bad,57138
1071,Kenneth Hendrix,19979.93,26-03-2026,Credit,47,542,72,Good,76278
1009,Brandon Hudson,41481.7,21-05-2025,Debit,56,608,47,Bad,60679
1006,Benjamin Brown,58321.39,05-12-2025,Debit,41,469,32,Average,46234
1079,Kevin Johnson,13018.69,09-01-2026,Debit,18,787,60,Bad,26645
1046,Joseph Walker,46010.13,08-09-2025,Credit,63,821,84,Good,91999
1065,Pamela Kirk,36171.64,13-10-2025,Debit,55,634,78,Bad,148260
1003,Jordan Davis,62495.28,12-12-2025,Credit,35,627,17,Bad,47508
1028,Scott Andrews,66828.28,24-01-2026,Debit,60,598,65,Good,39550
1027,Wendy Little,42224.07,26-10-2025,Debit,33,509,72,Bad,79961
1063,Sarah Baker,45388.29,24-02-2026,Credit,65,585,62,Average,27112
1090,Paul Flowers,58913.32,26-01-2026,Debit,34,653,23,Average,24548
1023,James Harrell,30611.22,02-09-2025,Debit,28,529,42,Bad,95042
1076,Jerry Dean,62198.61,16-07-2025,Credit,26,452,72,Average,73021
1072,Elizabeth Scott,65196.34,14-06-2025,Credit,21,421,80,Bad,127481
1063,Diane Walters,6978.31,22-05-2025,Debit,61,430,9,Average,49832
1069,Alexandra Sparks,73716.75,10-06-2025,Debit,40,705,85,Bad,62241
1029,Margaret Gomez,70283.28,25-05-2025,Credit,45,690,80,Bad,103535
1074,Jessica Edwards,62233.82,29-01-2026,Credit,55,697,50,Average,91700
1094,Courtney Knight,21195.81,18-05-2025,Debit,27,635,96,Good,61705
1039,Peter Lester,27477.08,13-04-2025,Credit,62,443,23,Average,81085
1058,Holly Hill,55928.73,01-10-2025,Debit,39,505,84,Average,58664
1034,Andrew Rios,58797.72,15-11-2025,Debit,37,816,2,Bad,24979
1002,Kimberly Gonzalez,24983.76,20-08-2025,Credit,61,543,89,Average,46333
1088,Cassandra Bishop,34831.5,25-05-2025,Credit,47,681,12,Bad,117516
1013,Joshua King,51602.24,18-08-2025,Credit,46,664,23,Average,84661
1008,Anna Scott,75019.76,09-03-2026,Credit,37,748,60,Bad,46666
1044,Jacob Hardy,25668.15,17-09-2025,Credit,32,756,4,Bad,29617
1066,James Jensen,87205.36,01-03-2026,Credit,51,782,19,Bad,101420
1013,Eric Johnson,311.32,24-07-2025,Credit,63,715,75,Good,45295
1084,Jennifer Kane,72935.14,18-04-2025,Debit,57,806,32,Good,121482
1025,Carla Mendoza,73140.66,21-02-2026,Credit,50,706,54,Average,144419
1006,Julie Rice,76701,19-11-2025,Credit,30,522,62,Good,37155
1013,Lisa Stokes,45922.15,20-08-2025,Debit,27,617,5,Good,50943
1014,Cindy Miller,96350.59,19-12-2025,Credit,36,569,33,Bad,87688
1078,Gwendolyn Morris,93270.58,26-01-2026,Credit,27,349,29,Good,86341
1030,Kimberly Zavala,56498.59,25-08-2025,Credit,34,497,59,Average,112237
1019,David Miller,29045.49,11-06-2025,Credit,37,563,94,Bad,95321
1058,Heather Perez,28287.88,14-11-2025,Credit,24,699,23,Bad,36947
1013,Amber Gray,67194.83,20-07-2025,Credit,61,449,22,Good,51717
1048,Jonathan Vang,96919.14,09-06-2025,Debit,52,711,53,Good,77450
1051,Julian Miller,72194.82,18-04-2025,Debit,63,580,77,Average,74134
1046,Tamara Bryant,74137.74,15-09-2025,Debit,19,515,76,Average,51330
1092,Rachel Ward,36803.51,05-08-2025,Credit,29,701,74,Good,91459
1001,Samuel Davis DVM,38332.05,24-02-2026,Credit,21,533,90,Good,115233
1019,Melanie Ashley,57839.13,20-05-2025,Debit,62,404,32,Good,31598
1076,Dylan Bruce,89376.01,25-02-2026,Debit,26,824,61,Bad,91715
1019,Terri Montoya,74250.51,25-08-2025,Debit,37,591,39,Bad,24716
1096,Rebecca House,20115.35,06-08-2025,Debit,58,762,97,Average,127315
1016,James Rowe,15810.52,13-04-2026,Debit,63,704,89,Good,137133
1053,Frederick Scott,88753.31,06-07-2025,Debit,64,641,24,Average,123589
1049,Travis Nunez,96044.6,18-04-2025,Credit,21,707,91,Average,66265
1095,Linda Waters,29692.4,05-05-2025,Debit,25,772,100,Good,116421
1051,Joshua Clark,44243.56,10-04-2026,Debit,21,602,56,Bad,59390
1080,Daniel Ross,9190.06,29-05-2025,Credit,32,774,40,Good,32492
1008,Timothy Davis,44227.82,19-11-2025,Credit,48,578,99,Average,92408
1089,Tammy Smith,33461.61,10-11-2025,Debit,59,320,64,Bad,84926
1001,Calvin Smith,36028.76,07-08-2025,Credit,50,728,29,Average,122065
1079,Jessica Williamson,94348.17,10-12-2025,Debit,43,544,60,Average,58442
1023,Scott Garcia,78756.65,02-03-2026,Credit,44,783,13,Average,105969
1062,Brandon Johnson,78984.19,14-12-2025,Credit,24,300,18,Average,35021
1010,Timothy Rodriguez,43242.04,06-08-2025,Credit,54,360,95,Good,119684
1007,Ryan Martin,88843.3,03-05-2025,Debit,36,394,94,Bad,68179
1079,Margaret Baldwin,7330.52,23-03-2026,Debit,40,376,86,Good,144949
1097,Brett Gonzales,48403.44,14-10-2025,Credit,20,740,32,Average,24549
1038,Philip Kemp,50875.74,21-07-2025,Credit,21,577,70,Bad,117057
1087,Gary Griffith,37330.83,09-01-2026,Credit,50,304,19,Average,105399
1100,Bobby Herrera,641.81,28-08-2025,Debit,27,821,71,Good,66322
1098,Ryan Morrison,86676.55,09-04-2026,Debit,63,534,49,Bad,39273
1098,Connor Ross,64853.6,01-01-2026,Credit,48,817,31,Good,34211
1096,William Leblanc,84069.91,03-11-2025,Credit,48,734,89,Average,99708
1023,Amy Reid,6873.22,28-09-2025,Debit,31,401,74,Good,76299
1057,David Hamilton,58994.8,13-10-2025,Credit,18,830,76,Average,86353
1099,Eric Davis,49991.89,05-04-2026,Credit,27,396,15,Bad,69354
1001,Kimberly Howard,99347.72,05-12-2025,Debit,65,781,89,Average,29784
1057,Michael Montgomery,44654.99,17-09-2025,Credit,64,308,20,Good,108711
1065,Jonathan Blackwell,73603.46,29-03-2026,Credit,59,384,83,Average,64510
1010,Scott Lam,83561.82,01-12-2025,Credit,43,819,56,Bad,23158
1030,Jasmine Williams,42988,27-01-2026,Debit,33,746,93,Bad,140794
1036,Andrea Lewis,29083.35,12-06-2025,Credit,46,462,90,Good,125640
1018,Daniel Collins,54298.57,19-07-2025,Debit,25,473,34,Average,58991
1090,Douglas Long,29293.71,20-08-2025,Credit,55,343,38,Average,98842
1070,Paul Castro,76661.85,07-12-2025,Credit,46,542,89,Bad,89234
1049,Morgan Cochran,1275.36,21-09-2025,Credit,65,743,57,Average,61874
1051,Kathy Murray,78182.31,16-10-2025,Credit,51,653,49,Bad,63618
1076,Chelsey Marshall,99644.4,14-10-2025,Credit,28,772,64,Bad,138278
1048,Jamie Bishop,97496.68,23-11-2025,Credit,46,726,16,Average,74415
1077,Jacob Rodriguez,37805.53,12-10-2025,Credit,31,777,20,Good,144258
1092,Brian Gonzalez,95153.44,18-02-2026,Credit,29,300,71,Bad,30539
1055,Brett Jenkins,29744.13,09-02-2026,Debit,59,580,86,Bad,52250
1069,Joy Hill,38787.03,08-07-2025,Debit,18,449,55,Average,91491
1043,Crystal Clark,9828.88,23-12-2025,Debit,39,461,96,Good,33414
1002,Jason Shields,3261.44,15-02-2026,Debit,46,660,61,Bad,35856
1083,Kelly Smith,54371.03,30-11-2025,Debit,38,850,79,Good,25237
1076,Kerry Solomon,56055.34,22-04-2025,Debit,55,689,9,Good,138932
1032,Steven Hendricks,89682.57,22-06-2025,Credit,45,397,31,Bad,53042
1087,Karen Johnson,61958.49,28-08-2025,Debit,36,531,17,Good,121165
1064,Barbara Nguyen,89723.3,13-10-2025,Credit,45,772,21,Bad,80091
1071,Courtney Fisher,72937.85,18-08-2025,Debit,43,470,80,Average,133183
1071,Thomas Stanley,39234.79,06-03-2026,Debit,30,628,94,Bad,56667
1008,Nicholas Rios,56325.5,21-11-2025,Debit,33,655,15,Bad,53425
1080,Daniel Camacho,65394.04,19-07-2025,Debit,32,358,49,Bad,100870
1022,Charles Donaldson,92478.23,07-07-2025,Debit,50,335,24,Good,21921
1066,Brandon Russell,62466.39,18-06-2025,Debit,60,571,16,Bad,23061
1037,Caitlyn Smith,62750.11,12-11-2025,Credit,38,387,86,Bad,32333
1050,Christopher Nichols,90222.81,27-09-2025,Credit,37,389,89,Bad,108186
1080,Lisa Garcia,82905.23,17-08-2025,Debit,41,511,20,Average,61778
1004,Laurie Espinoza,19134.29,27-09-2025,Debit,55,589,91,Good,107523
1011,Charles Peterson,52620.63,29-03-2026,Credit,45,635,38,Bad,80066
1018,Laura Johnson,66370.68,15-01-2026,Debit,28,511,76,Good,53555
1004,Caitlin Anderson,49549.87,18-03-2026,Credit,31,602,73,Average,139972
1029,Aaron Martin,5767.94,19-07-2025,Credit,27,372,58,Bad,74249
1058,Robert Vaughan,56724.22,07-11-2025,Credit,64,358,52,Average,89504
1086,Matthew Morrison,79350.31,15-11-2025,Debit,61,757,96,Bad,56217
1078,Tiffany Gross,37299.09,10-05-2025,Debit,37,648,6,Average,129487
1029,Antonio Pearson,29833.22,14-08-2025,Debit,29,789,84,Good,88253
1015,Jerry Guerra,65846.62,27-01-2026,Credit,63,650,36,Average,86285
1037,Kenneth Young,38024.86,24-09-2025,Debit,55,488,76,Good,44334
1056,John Gillespie,58530.27,10-11-2025,Credit,38,542,9,Bad,28369
1065,Amanda Burch,39496.84,02-05-2025,Debit,39,465,29,Good,68126
1059,Mr. Jonathan Cooper,43017.18,16-03-2026,Debit,42,407,39,Good,43705
1002,James Hernandez,76329.59,11-10-2025,Debit,33,677,78,Average,28020
1010,Danielle Lamb,82562.06,27-01-2026,Credit,21,670,32,Bad,125820
1090,Megan Stephens,59050.2,12-06-2025,Credit,44,540,4,Good,94775
1019,Deborah Schwartz,72581.71,28-12-2025,Debit,32,340,14,Good,147916
1031,Steven Blevins,8790.48,26-01-2026,Credit,21,479,5,Average,89063
1091,Stephanie Davis,93362.65,18-12-2025,Credit,50,657,49,Bad,132525
1070,Christopher Bradley,89334.8,28-12-2025,Credit,18,731,59,Bad,130266
1074,Michael Reed,57907.22,03-01-2026,Debit,33,366,93,Average,77685
1058,Aaron Chambers,96155.29,18-07-2025,Credit,32,515,79,Bad,147011
1010,Julia Martinez,32975.31,22-12-2025,Debit,41,629,12,Bad,133349
1045,Jeremy Reid,35743.68,26-08-2025,Debit,53,303,87,Bad,80138
1005,Nicholas Dyer,33335.95,23-08-2025,Credit,45,650,100,Average,57718
1071,John Scott,16926.59,23-07-2025,Debit,26,775,44,Bad,149917
1084,Angela Moore,38201.73,02-11-2025,Debit,27,616,10,Bad,64528
1066,Steven Thomas,12927.6,10-12-2025,Debit,24,450,49,Average,108654
1047,Ashley Valenzuela,53859.34,25-01-2026,Debit,59,540,76,Average,48013
1064,Daniel Thompson,26646.29,30-03-2026,Credit,29,544,54,Good,122999
1052,William Brennan,58013.73,27-10-2025,Credit,39,526,91,Bad,117867
1034,Christina Koch,99102.86,27-10-2025,Credit,34,369,89,Bad,26927
1063,Christopher Bailey,98673.33,13-12-2025,Credit,30,319,44,Average,138602
1098,Tyler Cervantes,94475.44,15-03-2026,Credit,29,510,65,Bad,42487
1035,Joy Ferguson,62921.34,07-03-2026,Credit,29,416,7,Bad,74621
1024,Elizabeth Grant,57194.25,26-10-2025,Debit,46,486,4,Bad,89316
1020,Michael Harper,86882.32,10-04-2026,Credit,48,483,31,Good,109691
1008,Sarah King,10928.39,04-11-2025,Debit,51,735,44,Average,59894
1014,Jacob Rodriguez,33236.25,01-07-2025,Debit,44,599,97,Bad,90322
1039,Tamara Willis,68889.66,18-09-2025,Credit,42,799,38,Good,118659
1084,Kathleen Graves,30494.48,26-06-2025,Debit,22,647,1,Average,53766
1007,Franklin Kent,49090.58,30-10-2025,Credit,19,670,61,Good,66807
1015,Steven Watts DDS,51966.55,13-09-2025,Credit,20,817,90,Good,50331
1014,Amy Mccall,80267.39,25-04-2025,Debit,29,508,89,Bad,125975
1072,Brandi Mcfarland,83307.64,29-03-2026,Credit,64,329,100,Average,69046
1044,Sylvia Bailey,76401.52,09-06-2025,Credit,29,812,12,Bad,83903
1038,Joseph Barnes,14974.27,24-11-2025,Credit,36,836,26,Good,72009
1004,William Holland,39210.64,14-04-2025,Credit,42,850,44,Bad,32164
1066,Joseph Baker,85239.56,05-09-2025,Credit,21,427,67,Average,32921
1064,Angela Cummings,28338.88,18-01-2026,Credit,59,372,53,Average,32659
1007,Sarah Welch,74915.98,16-12-2025,Credit,41,416,47,Average,110159
1045,Felicia Hunter,25533,13-06-2025,Credit,63,362,33,Bad,39142
1048,Laura Blake,1407.48,22-10-2025,Credit,43,669,52,Bad,66550
1022,Joshua Hernandez,71768.95,01-05-2025,Credit,37,501,53,Good,68897
1048,Jared Lopez,80131.88,19-06-2025,Debit,40,440,58,Average,20815
1010,Tara Smith,93236.36,02-02-2026,Credit,26,740,19,Average,71931
1090,Sandra Mcclure DDS,76968.74,25-02-2026,Debit,41,709,6,Bad,96019
1075,Amanda Andrade,28549.27,25-06-2025,Credit,60,801,48,Bad,68175
1020,Angela Salazar,28019.49,16-04-2025,Debit,40,835,58,Average,60915
1033,Hunter Hall,415.43,07-02-2026,Debit,60,394,19,Good,25500
1072,Karen Gonzalez,31793.68,09-02-2026,Debit,35,362,45,Good,82214
1051,William Duncan,9573.86,25-05-2025,Debit,38,803,80,Average,58324
1080,Ashley Castro,15420.94,12-12-2025,Credit,54,780,82,Good,23508
1062,Kristen Huber,56499.29,25-07-2025,Debit,56,817,26,Bad,144099
1086,Ms. Michelle Wright DVM,33559.83,09-06-2025,Debit,62,843,38,Good,119414
1050,John Weaver,86510.47,16-08-2025,Credit,42,323,83,Average,96113
1069,Christine Green,21915.59,02-05-2025,Credit,52,748,96,Bad,57267
1093,Ronald Parker,25766.54,12-12-2025,Credit,25,352,24,Average,100067
1076,Victor Lucas MD,38429.38,21-03-2026,Debit,31,475,91,Bad,109525
1078,Brent Rivera,61692.41,10-01-2026,Credit,28,668,17,Good,56214
1045,Philip Hall,12956.28,12-01-2026,Debit,34,477,9,Good,93396
1080,Julie Gonzalez,64632.33,25-09-2025,Debit,40,793,82,Bad,85132
1045,Alexander Edwards,72290.08,16-02-2026,Debit,53,471,3,Average,129359
1096,Kathleen Nielsen,47943.98,30-11-2025,Credit,37,478,99,Good,136635
1002,Rhonda Smith,12843.82,14-11-2025,Credit,25,460,3,Bad,145371
1092,Sergio Wolf,56486.7,03-09-2025,Credit,51,613,52,Bad,116997
1079,Mrs. Kelly Frazier PhD,67779.52,20-12-2025,Credit,62,605,62,Bad,93179
1022,Devon Hayes,83957.95,26-03-2026,Debit,56,464,64,Average,130659
1059,Scott Sanchez,52683.55,10-11-2025,Debit,52,798,5,Average,66133
1004,Kimberly Park,64457.09,25-07-2025,Debit,23,312,99,Average,78914
1050,Andrew Lewis,32875.86,17-03-2026,Debit,60,443,25,Bad,32430
1037,Juan Stewart,32587.14,06-10-2025,Credit,65,558,69,Average,53372
1053,Sean Lee,70941.15,29-05-2025,Credit,22,337,88,Good,78105
1097,Anna Baker,33356.2,16-01-2026,Credit,23,767,26,Average,28194
1040,Kimberly Miller,44730.83,02-08-2025,Debit,64,762,63,Average,126046
1085,John Ramos,41197.74,08-12-2025,Debit,36,786,20,Bad,113172
1051,Brianna Mitchell,72527.04,29-04-2025,Debit,47,703,36,Bad,106130
1022,Glenn Jordan,40456.75,16-04-2025,Credit,55,381,39,Bad,64166
1004,Matthew Woods,61213.81,20-04-2025,Credit,54,415,75,Average,125187
1049,April Holt,45649.73,01-09-2025,Credit,32,515,37,Average,126909
1037,Judy Foster,23528.64,21-01-2026,Debit,50,515,64,Average,133189
1088,Aaron Freeman,28722.41,07-02-2026,Credit,27,557,30,Good,44572
1016,Mary Benson,54131.25,28-02-2026,Credit,58,428,63,Good,138411
1045,Mrs. Kelly Ali,84669.66,13-06-2025,Credit,40,316,22,Bad,130225
1033,Christina Clark,20875.81,02-11-2025,Debit,48,795,15,Average,40175
1026,James Gilbert,31613.84,09-03-2026,Debit,29,759,76,Bad,45229
1016,Cynthia Bennett,97281.36,30-07-2025,Credit,48,824,76,Average,82596
1036,Joshua Carr,68047.1,09-07-2025,Debit,36,640,28,Average,22573
1068,Joseph Perez,70813.51,13-12-2025,Debit,35,755,40,Average,143428
1087,Tyler Lopez DDS,14982.97,28-04-2025,Credit,35,789,9,Bad,78157
1003,Eric Stein,63752.29,10-08-2025,Debit,52,569,45,Average,55884
1023,Christine Tyler,93640.46,16-07-2025,Debit,47,601,42,Average,74298
1061,Jennifer Barber,21175.97,05-10-2025,Debit,20,607,11,Good,75403
1024,Autumn Flores,45138.75,13-01-2026,Credit,27,334,42,Average,125854
1073,Briana Bruce,94727.31,26-07-2025,Credit,61,557,86,Bad,59100
1050,Cynthia Frederick,27409.78,22-05-2025,Credit,19,453,66,Bad,103074
1074,Sarah Miller DVM,1401.29,04-11-2025,Debit,42,409,57,Bad,131241
1052,Kristen Friedman,35740.17,20-05-2025,Debit,32,704,28,Good,62317
1049,Sharon Fisher,3097.65,09-09-2025,Credit,57,431,92,Bad,115820
1001,Christine Walker,60590.18,11-09-2025,Credit,24,639,58,Bad,33199
1076,Michelle Fowler,15202.05,02-08-2025,Debit,45,472,62,Good,122642
1024,Suzanne Patterson,39981.68,12-11-2025,Debit,27,665,97,Bad,36886
1061,Samantha Adams,2685.54,02-07-2025,Credit,42,694,72,Good,48136
1076,Lauren Ramos,19875.78,19-12-2025,Credit,31,391,53,Good,52115
1050,Jenny Reid,39999.78,22-11-2025,Debit,33,368,12,Bad,71465
1041,Jennifer Walker,88423.94,28-11-2025,Credit,39,499,63,Average,131069
1067,Timothy Clark,90474.44,21-01-2026,Debit,43,783,56,Good,34374
1059,Mark Torres,71126.37,15-08-2025,Credit,39,544,95,Good,25692
1047,Brittany Singh,48133.02,27-05-2025,Debit,52,699,86,Bad,53097
1053,Michelle Wells,45099.68,18-04-2025,Credit,42,374,51,Average,44766
1046,Yvette Petersen,85349.05,16-10-2025,Credit,25,322,74,Bad,43716
1051,Douglas Graham,19092.29,23-06-2025,Debit,54,806,97,Average,120417
1042,Brian Stein MD,22015,12-03-2026,Credit,25,574,90,Bad,114412
1047,Jenna Li,89744.16,24-04-2025,Credit,65,700,2,Average,61042
1099,Shannon Davis,31249.32,09-04-2026,Credit,34,732,37,Average,34296
1035,Michael Wheeler,89260.04,14-03-2026,Debit,31,312,47,Good,52110
1071,Cole Barton,54253.97,03-10-2025,Credit,28,844,85,Average,76349
1022,Sharon Rhodes,87879.5,18-11-2025,Credit,23,741,69,Bad,72175
1045,Christopher Cowan,2736.86,25-01-2026,Debit,27,764,98,Average,117737
1047,Cory Evans,46373.02,20-10-2025,Debit,56,565,12,Good,70492
1006,Mario Guzman,11065.43,14-10-2025,Debit,24,450,100,Bad,82637
1048,Amanda Knight,6307.46,09-06-2025,Credit,64,393,75,Average,112456
1081,Crystal Green,1574.11,07-11-2025,Debit,48,334,55,Good,95090
1089,Derek Castaneda,90303.96,18-03-2026,Credit,51,767,54,Average,47666
1075,William Curtis,82355.81,05-08-2025,Debit,35,666,42,Bad,80881
1060,Amy Bradford,66925.31,20-07-2025,Debit,52,720,83,Good,62674
1006,Christina Bishop,94600.89,05-02-2026,Debit,28,553,89,Average,42364
1058,Edward Moore,74686.11,27-11-2025,Credit,24,430,16,Average,95139
1024,Francisco Page,76428.44,01-08-2025,Debit,62,625,74,Average,20034
1036,Matthew Patterson,7750,03-02-2026,Debit,19,399,12,Average,62814
1097,Robert Williams,80315.13,15-09-2025,Debit,61,831,25,Good,140502
1001,Harold George,93879.97,09-07-2025,Credit,61,754,68,Good,55096
1031,Christine Thompson,31423.9,14-03-2026,Debit,31,539,72,Good,126914
1039,Zachary Romero,18727.18,20-01-2026,Debit,60,484,79,Good,99606
1084,Christine Jenkins,58934.06,02-08-2025,Credit,21,736,19,Average,109128
1003,Cindy Carter,90898.06,16-01-2026,Debit,31,463,76,Average,56598
1053,Dr. Carl Macdonald,47492.02,25-03-2026,Credit,58,841,91,Bad,145094
1081,Michael Leach,72240.12,02-05-2025,Credit,19,629,96,Average,133561
1080,Eric Cummings,52739.43,19-04-2025,Debit,46,749,84,Good,116878
1025,Edward Garcia,79297.34,08-11-2025,Credit,60,414,67,Average,148702
1051,Travis Henderson,12438.1,22-01-2026,Credit,55,793,23,Good,128236
1083,Kristopher Vazquez,3777.55,06-04-2026,Credit,44,532,49,Good,132300
1058,Bradley Hunter,63504.97,01-11-2025,Credit,49,389,100,Good,92898
1010,Jessica Lewis,76807.35,21-08-2025,Debit,64,606,89,Good,83092
1049,Dawn Munoz,95207.48,18-11-2025,Debit,34,622,22,Good,62853
1100,Melissa Russo,44286.67,24-05-2025,Debit,34,606,100,Bad,137709
1092,Anna Roy,94520.23,10-03-2026,Debit,26,640,30,Good,106506
1053,Danielle Cox,1415.55,11-12-2025,Credit,40,424,75,Bad,145672
1072,Heather Bowen,76343.95,01-08-2025,Credit,58,785,81,Average,117486
1097,Jeffrey Mcdonald,64336.05,30-06-2025,Debit,42,521,20,Average,132798
1036,Michael Guzman,65166.68,31-07-2025,Debit,32,510,45,Bad,94283
1072,Kenneth Graves,47909.02,28-07-2025,Credit,46,728,92,Average,68333
1097,Taylor Ellis,83206.49,26-07-2025,Debit,29,403,8,Bad,86536
1082,Michael Townsend,92602.52,02-05-2025,Debit,46,704,6,Average,27097
1017,Kristie Brown,9729.05,20-07-2025,Debit,56,419,61,Good,39852
1016,Patrick Green,98199.04,08-08-2025,Debit,27,507,63,Average,147331
1068,Diane Fischer,46381.01,23-09-2025,Debit,25,481,12,Average,24770
1066,Patrick Carter,66440.2,26-07-2025,Credit,51,495,99,Good,26581
1065,Julie Myers,17076.18,24-12-2025,Debit,52,698,67,Good,52707
1058,Julia Booth,24366.66,08-01-2026,Debit,58,531,22,Average,40606
1030,Tina Smith,39029.33,28-01-2026,Credit,25,300,75,Good,92817
1017,Gina Hester MD,76806.95,01-01-2026,Debit,22,547,51,Average,87543
1012,Patrick Patel,81336.41,01-08-2025,Credit,18,795,84,Bad,100045
1084,Brandon Mcdaniel,6405.28,16-07-2025,Debit,25,378,46,Average,55248
1013,Jacob Hall,61300.08,03-06-2025,Credit,47,710,83,Good,22163
1024,Brian Stout,93106.96,17-10-2025,Credit,18,840,25,Good,76276
1080,Michael Grant,19090.01,27-07-2025,Credit,58,594,21,Average,84775
1035,Jon Medina,92405.9,20-07-2025,Credit,45,805,56,Good,148583
1046,Jeffrey Schmidt DDS,98347.87,11-11-2025,Credit,23,370,42,Good,117112
1031,Benjamin Hanson,89038.24,14-04-2025,Credit,28,406,62,Good,143513
1082,Kevin Ochoa,78102.52,11-07-2025,Debit,57,688,11,Bad,108633
1017,Vickie Ross,21976.01,15-10-2025,Debit,21,301,52,Average,37359
1041,Justin Moran,57982.36,14-09-2025,Credit,61,759,65,Bad,108193
1087,Suzanne Taylor,99356.44,09-10-2025,Credit,54,724,65,Bad,134921
1037,Daniel Garcia,81657.3,17-05-2025,Credit,33,761,42,Average,66209
1031,Joshua Mclaughlin,99831.84,26-11-2025,Credit,32,477,63,Good,137798
1004,Brian Wilson,69028.22,13-10-2025,Debit,23,845,35,Bad,74783
1072,John Taylor,88473.93,05-04-2026,Debit,22,628,12,Average,31580
1027,Laura Norton,68309.24,09-05-2025,Credit,63,722,71,Bad,57128
1042,Sharon Rodriguez,46121.08,09-10-2025,Credit,36,757,57,Good,52501
1028,Carlos Strickland,76412.45,25-09-2025,Credit,57,743,74,Good,132947
1093,Joseph Brown,2629.15,06-10-2025,Credit,21,836,49,Average,117771
1081,Rhonda Martin,16945.78,07-03-2026,Debit,38,785,71,Good,52398
1003,Grant Gonzalez,76229.64,31-12-2025,Debit,35,376,12,Bad,105109
1014,Emily Patrick,84830.22,29-12-2025,Credit,25,522,59,Bad,107603
1077,Charles Campbell,59662.3,04-12-2025,Credit,47,500,7,Average,39175
1078,Christina Walker,38436.45,05-07-2025,Credit,54,305,71,Bad,22394
1094,Keith Stone,59175.07,10-12-2025,Credit,56,382,71,Bad,42405
1016,Susan Fisher,10456.8,08-10-2025,Credit,49,343,90,Good,66545
1025,Andrea Perkins,23699.49,25-01-2026,Credit,64,325,33,Average,123711
1009,Sarah Cunningham,90554.22,04-02-2026,Debit,53,600,85,Good,119822
1095,Deborah Diaz,90507.87,24-05-2025,Debit,19,845,39,Average,35529
1054,Joseph Phillips,44328.23,24-04-2025,Credit,49,678,92,Good,36406
1060,Amanda Ayers,33734.46,18-05-2025,Credit,18,668,5,Good,20280
1088,Christina Scott,17857.73,22-03-2026,Credit,56,850,41,Bad,96841
1095,Timothy Richardson,30094.89,22-06-2025,Debit,35,316,10,Good,147244
1065,Stephanie Bell,72284.63,28-03-2026,Debit,59,786,23,Average,114060
1004,Tyler Burnett,70405.35,03-12-2025,Credit,50,467,77,Average,34897
1066,Mr. Brian Sullivan,87566.95,16-09-2025,Debit,28,679,24,Bad,42379
1066,Lee Wright,27550.23,08-11-2025,Credit,22,607,16,Good,60642
1083,Patricia Roman,3530.54,18-09-2025,Debit,49,767,76,Average,52216
1053,Michael Bailey,38762.29,06-12-2025,Credit,20,521,10,Average,68718
1059,Jon Fisher,43429.22,01-05-2025,Debit,52,620,46,Bad,132678
1048,Leslie Bender,61189.89,07-02-2026,Credit,32,325,4,Average,26556
1029,Alexis Malone,39948.28,11-09-2025,Debit,65,683,82,Bad,91222
1097,Kristin Wilson,49942.07,07-04-2026,Credit,56,568,20,Average,72611
1028,Michael Holder,93351.3,02-05-2025,Credit,61,426,28,Bad,79038
1007,Kayla Frazier,41186.27,04-04-2026,Debit,33,633,88,Good,65829
1008,Keith Cooper,42255.2,11-03-2026,Credit,21,436,50,Average,42864
1016,Eric Villegas,64888.48,10-09-2025,Credit,38,614,3,Good,129038
1062,Andrea Smith,28322.48,16-02-2026,Credit,19,808,30,Bad,37447
1059,Rebecca Murphy,6387.05,06-07-2025,Credit,19,753,62,Bad,29003
1027,Lisa Lamb,13604.1,10-12-2025,Credit,24,799,95,Bad,129838
1093,Matthew Torres,48647.69,13-05-2025,Debit,55,729,22,Good,118418
1076,Ryan Daniels IV,25694.3,10-08-2025,Credit,28,562,80,Average,115183
1018,Jeff Rodriguez,80047.94,22-02-2026,Debit,25,568,72,Good,74290
1049,Zachary Guzman,40420.92,23-06-2025,Credit,44,443,67,Average,51122
1037,Rebecca Robinson,30580.82,18-11-2025,Credit,45,664,54,Average,97933
1073,Daniel Wheeler,67528.48,19-08-2025,Debit,36,384,9,Average,41780
1078,Kathy West,11539.7,30-07-2025,Debit,29,437,100,Average,76936
1064,Courtney Stewart,48148.13,14-07-2025,Debit,61,589,34,Average,20221
1092,Alexis Barajas,93648.64,22-07-2025,Credit,29,640,67,Bad,46897
1094,Mary Jordan,78555.01,21-06-2025,Credit,24,315,57,Bad,79696
1023,Jodi Johnson,78866.2,10-11-2025,Credit,18,390,52,Bad,51678
1022,David Hopkins,57523.92,15-06-2025,Credit,55,583,8,Bad,80150
1094,Justin Oconnor,23321.76,01-12-2025,Debit,32,385,6,Good,32311
1018,Michelle Mcintosh,17640.64,31-05-2025,Debit,25,376,82,Bad,63831
1084,Jill Ray,52434.98,25-11-2025,Debit,44,492,25,Good,110457
1071,Randy Gaines,76144.6,01-09-2025,Credit,51,780,65,Average,68363
1032,Sheila Garrett,66714.06,10-11-2025,Debit,27,521,41,Bad,106351
1079,Alexander Hatfield,7152.16,22-10-2025,Debit,18,632,32,Bad,112546
1083,Randy Curtis,83813.48,13-01-2026,Credit,57,526,65,Bad,146130
1076,Thomas Miller,35705.86,04-08-2025,Debit,39,379,4,Bad,57138
1058,Sean Carpenter,70572.96,31-01-2026,Credit,47,542,72,Good,76278
1009,Jennifer Shepherd,42317.58,03-10-2025,Credit,56,608,47,Bad,60679
1083,Mark Roberts,1469.23,01-11-2025,Debit,41,469,32,Average,46234
1054,Heather Callahan,42788.26,08-03-2026,Credit,18,787,60,Bad,26645
1007,Austin Brooks,15013.88,29-03-2026,Credit,63,821,84,Good,91999
1073,Valerie Harper,35584.83,18-10-2025,Credit,55,634,78,Bad,148260
1053,David Lee,10576.69,09-04-2026,Credit,35,627,17,Bad,47508
1071,Lisa Swanson,60819.34,28-08-2025,Credit,60,598,65,Good,39550
1001,Kenneth Hernandez,36365.28,02-07-2025,Debit,33,509,72,Bad,79961
1045,Elizabeth Boyd,32396.63,31-07-2025,Credit,65,585,62,Average,27112
1081,Andrea Lee,97428.65,22-04-2025,Debit,34,653,23,Average,24548
1007,Megan Case,14910.07,09-04-2026,Debit,28,529,42,Bad,95042
1089,Chelsea Schultz,46006.39,25-01-2026,Debit,26,452,72,Average,73021
1025,Kyle Bates,68754.71,27-04-2025,Credit,21,421,80,Bad,127481
1037,Kevin Thompson,5347.74,15-07-2025,Debit,61,430,9,Average,49832
1012,Anthony Flores,52549.22,24-07-2025,Debit,40,705,85,Bad,62241
1007,Debbie Riley,11537.48,04-07-2025,Debit,45,690,80,Bad,103535
1060,Mark Rodriguez,26505.15,30-08-2025,Debit,55,697,50,Average,91700
1039,Annette Romero,38998.27,03-05-2025,Debit,27,635,96,Good,61705
1017,Paige Kim,97726.42,27-06-2025,Debit,62,443,23,Average,81085
1030,Brian Le,27277.17,27-02-2026,Credit,39,505,84,Average,58664
1001,Ryan Duncan,7495.43,27-06-2025,Debit,37,816,2,Bad,24979
1053,Marissa Hanson,44148.27,08-11-2025,Debit,61,543,89,Average,46333
1055,Fernando Sutton,49804.58,14-02-2026,Credit,47,681,12,Bad,117516
1073,Nathaniel Lopez,88849.9,15-11-2025,Credit,46,664,23,Average,84661
1081,Kim Martin,65105.19,20-12-2025,Debit,37,748,60,Bad,46666
1004,Timothy Hall,33624,03-10-2025,Debit,32,756,4,Bad,29617
1069,Philip Ballard,94344.35,27-02-2026,Debit,51,782,19,Bad,101420
1087,Tiffany Jackson,54977.41,12-03-2026,Debit,63,715,75,Good,45295
1002,Madison Hughes,3211.56,31-10-2025,Debit,57,806,32,Good,121482
1007,Joseph Preston,3315.37,28-04-2025,Credit,50,706,54,Average,144419
1096,Ryan Cox,81658.85,01-01-2026,Credit,30,522,62,Good,37155
1006,Andrea Martin,87746.03,01-01-2026,Debit,27,617,5,Good,50943
1054,Jamie Alvarado,47662.03,25-10-2025,Debit,36,569,33,Bad,87688
1011,Jesse Andersen,72645.98,04-05-2025,Debit,27,349,29,Good,86341
1015,Joseph Schultz,39619.53,19-04-2025,Credit,34,497,59,Average,112237
1065,Lisa Anderson,31585.22,31-10-2025,Credit,37,563,94,Bad,95321
1085,Kylie Brooks,91521.92,27-01-2026,Debit,24,699,23,Bad,36947
1081,Xavier Roberts,21526.69,04-03-2026,Debit,61,449,22,Good,51717
1073,Sarah Young,17111.01,13-12-2025,Credit,52,711,53,Good,77450
1061,Gabriel Lopez,40285.65,06-09-2025,Debit,63,580,77,Average,74134
1046,Joseph Ingram,83168.62,31-08-2025,Debit,19,515,76,Average,51330
1025,Ryan Greer,50512.46,13-05-2025,Credit,29,701,74,Good,91459
1026,Robert Blair,4408.22,07-09-2025,Credit,21,533,90,Good,115233
1016,Mary Jennings,94724.21,11-04-2026,Credit,62,404,32,Good,31598
1077,Isaiah Simpson,19198.76,05-03-2026,Debit,26,824,61,Bad,91715
1013,Sarah Long,31068.25,29-01-2026,Debit,37,591,39,Bad,24716
1012,Robin Smith,73529.12,21-08-2025,Debit,58,762,97,Average,127315
1040,Marvin Gonzalez,53462.58,12-08-2025,Credit,63,704,89,Good,137133
1064,Cynthia Williams,15805.23,23-05-2025,Debit,64,641,24,Average,123589
1100,Susan Short,27116.31,27-04-2025,Credit,21,707,91,Average,66265
1093,Michael Moreno,85595.74,18-08-2025,Debit,25,772,100,Good,116421
1089,Ashley Ayala,7922.66,18-05-2025,Credit,21,602,56,Bad,59390
1063,Christopher Sanchez,13123.34,01-07-2025,Debit,32,774,40,Good,32492
1041,Ashley Donovan,19303.58,07-05-2025,Debit,48,578,99,Average,92408
1019,Jasmine Gardner,59273.48,07-02-2026,Debit,59,320,64,Bad,84926
1036,Louis Williamson,42389.27,16-06-2025,Credit,50,728,29,Average,122065
1007,Amanda Garcia,33424.71,22-10-2025,Debit,43,544,60,Average,58442
1010,Bobby Rios,39422.1,17-04-2025,Credit,44,783,13,Average,105969
1085,David Watkins,15619.4,22-11-2025,Debit,24,300,18,Average,35021
1039,Christine Rodriguez,90400.26,06-08-2025,Debit,54,360,95,Good,119684
1004,Kimberly Finley,41152.36,17-12-2025,Credit,36,394,94,Bad,68179
1012,Samantha Brewer DDS,47170.63,01-05-2025,Debit,40,376,86,Good,144949
1067,Jessica Bryan,29310.72,19-11-2025,Debit,20,740,32,Average,24549
1086,Katherine Morales,73198.01,21-02-2026,Credit,21,577,70,Bad,117057
1025,Crystal Spears,96143.53,18-11-2025,Debit,50,304,19,Average,105399
1041,Kristi Acosta,73645.34,20-06-2025,Debit,27,821,71,Good,66322
1035,Derrick Bryant,44531.08,06-11-2025,Credit,63,534,49,Bad,39273
1086,Amy Mckinney,82676.68,17-04-2025,Credit,48,817,31,Good,34211
1020,Mrs. Mary Mckinney,53747.29,31-12-2025,Credit,48,734,89,Average,99708
1054,Isaac Jackson,8397.99,09-09-2025,Credit,31,401,74,Good,76299
1046,Ashley Hernandez,60628.16,02-08-2025,Credit,18,830,76,Average,86353
1012,Christian Johnson,55124.45,07-02-2026,Credit,27,396,15,Bad,69354
1066,Thomas Snyder,32258.86,16-11-2025,Credit,65,781,89,Average,29784
1031,Elizabeth Kemp,75495.86,16-12-2025,Credit,64,308,20,Good,108711
1079,Jeffrey Evans,49461.8,05-04-2026,Credit,59,384,83,Average,64510
1100,Jennifer Jones,15914.02,18-04-2025,Credit,43,819,56,Bad,23158
1084,Robert Brooks,60024.32,06-06-2025,Debit,33,746,93,Bad,140794
1038,Benjamin Thomas,96358.39,22-01-2026,Debit,46,462,90,Good,125640
1075,Linda Gibson,4246.47,06-08-2025,Debit,25,473,34,Average,58991
1017,Bailey Ruiz,18552.03,26-12-2025,Credit,55,343,38,Average,98842
1070,Rebecca Guerrero,28157.97,31-05-2025,Credit,46,542,89,Bad,89234
1079,Robert Martin,36968.45,14-07-2025,Credit,65,743,57,Average,61874
1049,Brian Smith,44941.54,21-05-2025,Credit,51,653,49,Bad,63618
1056,Troy Stephenson,88118.13,26-04-2025,Debit,28,772,64,Bad,138278
1055,Maria King,74619.41,20-09-2025,Credit,46,726,16,Average,74415
1058,Sara Harvey,15026.49,31-05-2025,Debit,31,777,20,Good,144258
1058,Jody Phillips,49248.66,08-11-2025,Credit,29,300,71,Bad,30539
1051,Jeremy Smith,65238.16,19-03-2026,Credit,59,580,86,Bad,52250
1075,Tiffany Williams,16710.48,13-05-2025,Debit,18,449,55,Average,91491
1089,Judith Sanders,39287.42,27-02-2026,Credit,39,461,96,Good,33414
1043,Carrie Greene,13946.65,04-12-2025,Debit,46,660,61,Bad,35856
1066,Mr. Kevin Powers,49692.15,26-01-2026,Credit,38,850,79,Good,25237
1096,Whitney Bailey,28739.92,17-12-2025,Debit,55,689,9,Good,138932
1054,Erika Johnson,51636.04,21-04-2025,Credit,45,397,31,Bad,53042
1090,Bailey Rogers,57446.55,02-06-2025,Credit,36,531,17,Good,121165
1043,Jason Frost,48560.89,05-01-2026,Debit,45,772,21,Bad,80091
1021,Jessica Stewart,48719.64,02-04-2026,Debit,43,470,80,Average,133183
1083,Amy Greene,76618.41,21-02-2026,Debit,30,628,94,Bad,56667
1067,Charles Barrett,92488.68,20-04-2025,Credit,33,655,15,Bad,53425
1050,Debbie Allen,47995.19,26-08-2025,Debit,32,358,49,Bad,100870
1078,April Morgan,67080.48,05-10-2025,Credit,50,335,24,Good,21921
1064,Donna Davis,44977.25,23-02-2026,Debit,60,571,16,Bad,23061
1029,Adriana Fitzgerald,46262.57,17-06-2025,Debit,38,387,86,Bad,32333
1066,Michael Harvey,16926.89,04-07-2025,Credit,37,389,89,Bad,108186
1077,David Lee,13836.75,15-12-2025,Credit,41,511,20,Average,61778
1038,Charles Smith,1714.33,09-02-2026,Credit,55,589,91,Good,107523
1069,Debbie Williams,29821.79,24-12-2025,Credit,45,635,38,Bad,80066
1076,Natalie Burnett,61035.92,01-06-2025,Debit,28,511,76,Good,53555
1088,Andrew Scott,12533.45,14-10-2025,Credit,31,602,73,Average,139972
1036,Maria Vasquez,13902.56,29-01-2026,Debit,27,372,58,Bad,74249
1055,Richard Kelley,12252.51,11-01-2026,Debit,64,358,52,Average,89504
1001,John Pittman,4343.22,14-03-2026,Credit,61,757,96,Bad,56217
1078,Calvin Wagner,62305.03,15-10-2025,Debit,37,648,6,Average,129487
1007,Hannah Bailey,34330.31,30-03-2026,Credit,29,789,84,Good,88253
1062,Marcus Whitehead,28174.84,01-08-2025,Credit,63,650,36,Average,86285
1073,Richard Welch,92415.48,07-11-2025,Debit,55,488,76,Good,44334
1039,Theresa Long,34211.97,01-10-2025,Debit,38,542,9,Bad,28369
1006,Jessica Pierce,83516.54,30-10-2025,Debit,39,465,29,Good,68126
1013,Austin Pitts,48910.13,22-11-2025,Debit,42,407,39,Good,43705
1065,Mrs. Jennifer Crawford DDS,31099.17,07-09-2025,Debit,33,677,78,Average,28020
1032,Mrs. Wanda Chandler,59905.87,15-02-2026,Debit,21,670,32,Bad,125820
1018,Brian Petty,87655.42,27-10-2025,Debit,44,540,4,Good,94775
1013,Joanna Cannon,98018.84,12-09-2025,Debit,32,340,14,Good,147916
1017,Angela Owens,81114.85,30-09-2025,Debit,21,479,5,Average,89063
1087,Erica Taylor,28996.83,19-03-2026,Credit,50,657,49,Bad,132525
1087,Dana Campbell,73418.18,08-09-2025,Credit,18,731,59,Bad,130266
1077,Jessica Miller,17181.92,11-02-2026,Credit,33,366,93,Average,77685
1037,Robert Hart,50550.84,30-12-2025,Debit,32,515,79,Bad,147011
1061,Debra Lamb,95979.81,07-11-2025,Credit,41,629,12,Bad,133349
1021,Alicia Ball,98334.48,18-04-2025,Debit,53,303,87,Bad,80138
1071,Jeffery Padilla,76905.25,04-12-2025,Credit,45,650,100,Average,57718
1040,Daniel Gutierrez,14032.92,31-08-2025,Debit,26,775,44,Bad,149917
1019,Omar Mccormick,44387.5,03-10-2025,Debit,27,616,10,Bad,64528
1001,Nathan Stone,33946.72,28-12-2025,Credit,24,450,49,Average,108654
1064,Michael Ramirez,42370.57,22-02-2026,Credit,59,540,76,Average,48013
1083,Brian Jones,10311.22,08-09-2025,Debit,29,544,54,Good,122999
1052,Jacob Eaton,47240.46,20-04-2025,Credit,39,526,91,Bad,117867
1001,Cynthia Williams,94863.52,22-02-2026,Debit,34,369,89,Bad,26927
1026,Katie Brooks,35461.99,24-01-2026,Debit,30,319,44,Average,138602
1072,Steven Smith,33265.31,23-07-2025,Credit,29,510,65,Bad,42487
1071,Kathleen Hill,82482.76,21-06-2025,Credit,29,416,7,Bad,74621
1012,Sarah Davis,88005.78,14-10-2025,Credit,46,486,4,Bad,89316
1031,Mark Carlson,70587,26-05-2025,Credit,48,483,31,Good,109691
1033,Rebecca Marks,40433.32,23-02-2026,Credit,51,735,44,Average,59894
1059,Chelsea Hansen,19646.17,31-12-2025,Credit,44,599,97,Bad,90322
1039,Sarah Patel,57819.49,15-06-2025,Credit,42,799,38,Good,118659
1088,Dawn Perkins,73656.25,03-09-2025,Debit,22,647,1,Average,53766
1026,Monica Ramirez,53000.45,12-06-2025,Debit,19,670,61,Good,66807
1067,Michael Bates,11771.78,24-09-2025,Credit,20,817,90,Good,50331
1022,Michael Ellis,96320.47,14-11-2025,Credit,29,508,89,Bad,125975
1015,Stacey Smith,47296.04,17-04-2025,Debit,64,329,100,Average,69046
1017,Leslie Powell,16568.71,10-04-2026,Debit,29,812,12,Bad,83903
1051,Richard Sexton,29256.37,05-07-2025,Credit,36,836,26,Good,72009
1052,Mrs. Susan Wilson MD,37019.89,03-10-2025,Debit,42,850,44,Bad,32164
1068,Karen Garcia,60388.12,11-11-2025,Debit,21,427,67,Average,32921
1065,Hector Jones,31437.59,05-09-2025,Debit,59,372,53,Average,32659
1062,Donna Smith,87838.68,27-12-2025,Credit,41,416,47,Average,110159
1100,Justin Scott MD,96944.45,28-07-2025,Credit,63,362,33,Bad,39142
1062,Jeffrey Hernandez,45808.54,25-03-2026,Credit,43,669,52,Bad,66550
1078,Carolyn Stout,89584.36,17-01-2026,Credit,37,501,53,Good,68897
1089,Jennifer Moore,70905.81,13-08-2025,Debit,40,440,58,Average,20815
1030,Erika Nelson,27705.43,03-08-2025,Debit,26,740,19,Average,71931
1051,Tracy Williams,57723.36,20-06-2025,Debit,41,709,6,Bad,96019
1096,Paul Bishop,86097.56,19-11-2025,Credit,60,801,48,Bad,68175
1015,Gina Harper,75037.47,01-06-2025,Credit,40,835,58,Average,60915
1005,Jamie Roberts,50568.6,13-07-2025,Debit,60,394,19,Good,25500
1095,Victoria Gonzalez,11581.2,28-02-2026,Debit,35,362,45,Good,82214
1012,Jason Miller,51114.07,01-11-2025,Debit,38,803,80,Average,58324
1025,Lori Chaney,59845.73,12-12-2025,Credit,54,780,82,Good,23508
1010,Heather Jackson,3066.16,14-11-2025,Debit,56,817,26,Bad,144099
1020,Kelly Powell,48811.23,06-08-2025,Credit,62,843,38,Good,119414
1083,Robert Anderson,91644.42,26-06-2025,Debit,42,323,83,Average,96113
1090,Christopher Young,82815.79,05-11-2025,Credit,52,748,96,Bad,57267
1029,Sarah Tanner,51742.07,04-08-2025,Debit,25,352,24,Average,100067
1098,Stephen Cook,58496.78,08-03-2026,Credit,31,475,91,Bad,109525
1058,Jeffrey Hall,1636.5,16-01-2026,Debit,28,668,17,Good,56214
1017,Charles Duncan,6763.68,03-01-2026,Credit,34,477,9,Good,93396
1040,Stanley Thompson,49433.78,09-01-2026,Debit,40,793,82,Bad,85132
1073,Matthew Rodriguez,96659.76,21-06-2025,Credit,53,471,3,Average,129359
1074,Sherry Pruitt,87622.43,22-06-2025,Debit,37,478,99,Good,136635
1030,Christopher West,60482.88,09-05-2025,Debit,25,460,3,Bad,145371
1019,Emily Myers,66197.24,10-06-2025,Debit,51,613,52,Bad,116997
1092,Jennifer Thomas,33337.27,27-10-2025,Debit,62,605,62,Bad,93179
1025,Kiara Coleman,73524.57,07-07-2025,Credit,56,464,64,Average,130659
1037,Andrea Bowman,22698.24,01-02-2026,Debit,52,798,5,Average,66133
1057,Ashley Rodriguez,10402.05,03-07-2025,Debit,23,312,99,Average,78914
1025,Debbie Lopez,8432.2,27-01-2026,Credit,60,443,25,Bad,32430
1054,Wendy Carey,52412.16,19-02-2026,Credit,65,558,69,Average,53372
1025,Lauren Howell,89035.83,18-01-2026,Debit,22,337,88,Good,78105
1082,Michael Smith,41725.8,12-12-2025,Debit,23,767,26,Average,28194
1082,Daniel Rodriguez,59776.03,21-02-2026,Debit,64,762,63,Average,126046
1067,Bailey King,79190.41,13-01-2026,Debit,36,786,20,Bad,113172
1027,Chelsea Hammond,5981.97,07-01-2026,Credit,47,703,36,Bad,106130
1083,Amanda Sharp,79737.18,06-07-2025,Credit,55,381,39,Bad,64166
1070,Hector Rodriguez,27787.33,28-09-2025,Debit,54,415,75,Average,125187
1066,Tracy Guerrero,37429.98,26-11-2025,Debit,32,515,37,Average,126909
1023,Shelby Sullivan,75899.96,20-10-2025,Credit,50,515,64,Average,133189
1004,Dennis Tran,35378.93,17-09-2025,Debit,27,557,30,Good,44572
1016,Jamie Smith,13483.11,25-04-2025,Debit,58,428,63,Good,138411
1037,Natalie Gonzalez,90499.01,01-01-2026,Debit,40,316,22,Bad,130225
1006,Allison Fields,57695.74,12-09-2025,Debit,48,795,15,Average,40175
1058,Lisa Welch DVM,36001.51,29-07-2025,Credit,29,759,76,Bad,45229
1055,Ryan Lopez,27486.86,22-07-2025,Debit,48,824,76,Average,82596
1059,Joseph Jones,66175.78,10-05-2025,Credit,36,640,28,Average,22573
1051,Jay Harrison,65552.15,13-11-2025,Credit,35,755,40,Average,143428
1004,Sheila Wilson,31708.03,28-10-2025,Credit,35,789,9,Bad,78157
1019,Jason Lynch,78996.34,09-04-2026,Credit,52,569,45,Average,55884
1049,Steven Summers,36176.41,28-11-2025,Credit,47,601,42,Average,74298
1083,William Lara,19350.16,30-01-2026,Credit,20,607,11,Good,75403
1038,Mrs. Bailey Bradshaw,99810.18,06-12-2025,Credit,27,334,42,Average,125854
1098,Tyler Sandoval,30960.33,13-10-2025,Credit,61,557,86,Bad,59100
1013,Michelle Vasquez,59133.26,24-02-2026,Debit,19,453,66,Bad,103074
1036,Stephanie Bishop,40687.78,13-09-2025,Debit,42,409,57,Bad,131241
1022,Jason Walker,53268.67,25-02-2026,Credit,32,704,28,Good,62317
1015,Theodore Buck,11355.1,15-05-2025,Debit,57,431,92,Bad,115820
1051,Patrick Hartman,591,28-04-2025,Debit,24,639,58,Bad,33199
1059,Sarah Martin,52333.33,02-06-2025,Debit,45,472,62,Good,122642
1067,Jacob Clay,36341.4,07-04-2026,Credit,27,665,97,Bad,36886
1075,Jeffrey Fry,26930.28,08-09-2025,Debit,42,694,72,Good,48136
1051,Leah Jackson,53379.17,07-02-2026,Debit,31,391,53,Good,52115
1099,David Ramirez,98273.26,04-12-2025,Credit,33,368,12,Bad,71465
1027,Isaac Shaw,9689.55,10-06-2025,Debit,39,499,63,Average,131069
1053,Elizabeth Tyler,68548.12,05-04-2026,Debit,43,783,56,Good,34374
1090,Stacey Ford,30096.82,04-09-2025,Debit,39,544,95,Good,25692
1085,Yvonne Smith,89778.96,11-07-2025,Debit,52,699,86,Bad,53097
1050,Jamie Nicholson,97648.52,17-07-2025,Credit,42,374,51,Average,44766
1050,Richard Jenkins,64414.34,12-06-2025,Debit,25,322,74,Bad,43716
1004,Mark White,339.55,20-12-2025,Debit,54,806,97,Average,120417
1012,Kimberly Payne,41351.99,30-12-2025,Debit,25,574,90,Bad,114412
1024,Joanna Johnson,75764.53,21-09-2025,Debit,65,700,2,Average,61042
1067,Angela Wood,82132.01,15-06-2025,Debit,34,732,37,Average,34296
1077,Michael Aguilar,26670.75,16-10-2025,Credit,31,312,47,Good,52110
1008,Jennifer Caldwell,70926.27,19-03-2026,Credit,28,844,85,Average,76349
1027,David Walker,99692.96,31-01-2026,Debit,23,741,69,Bad,72175
1019,Robert Thompson,12458.32,19-12-2025,Credit,27,764,98,Average,117737
1051,Tina Day,46904.85,05-11-2025,Debit,56,565,12,Good,70492
1071,Ethan Wolfe MD,60464.23,01-09-2025,Credit,24,450,100,Bad,82637
1053,David Coleman,19404.22,27-03-2026,Credit,64,393,75,Average,112456
1045,Brandi Powers,65445.39,16-06-2025,Debit,48,334,55,Good,95090
1087,Troy Davis,22536.79,08-05-2025,Debit,51,767,54,Average,47666
1074,Mary Williams,44905.19,16-02-2026,Credit,35,666,42,Bad,80881
1054,Matthew Thomas,65356.29,22-10-2025,Debit,52,720,83,Good,62674
1087,Jennifer Reynolds,87617.69,14-05-2025,Credit,28,553,89,Average,42364
1028,David Mendoza,37289.06,08-12-2025,Debit,24,430,16,Average,95139
1058,Amber Evans,49461.86,28-08-2025,Debit,62,625,74,Average,20034
1095,Samantha Figueroa,45806.21,25-09-2025,Credit,19,399,12,Average,62814
1058,Chad Brown,74711.55,14-03-2026,Debit,61,831,25,Good,140502
1053,Renee Pierce,5036.24,26-06-2025,Credit,61,754,68,Good,55096
1082,Mary Williams,46720.13,07-12-2025,Credit,31,539,72,Good,126914
1070,Kimberly Mays,79427.13,23-05-2025,Debit,60,484,79,Good,99606
1077,Vanessa Frost,95801.52,16-09-2025,Debit,21,736,19,Average,109128
1067,Nicholas White,69902.31,02-01-2026,Credit,31,463,76,Average,56598
1062,Albert Phillips,78294.63,15-08-2025,Credit,58,841,91,Bad,145094
1040,Kelly Juarez,1275.15,20-07-2025,Debit,19,629,96,Average,133561
1069,Bryan Richard,23112.24,15-05-2025,Credit,46,749,84,Good,116878
1032,Carolyn Mclaughlin,30056.77,03-08-2025,Credit,60,414,67,Average,148702
1042,Javier Chen,6165.02,11-04-2026,Debit,55,793,23,Good,128236
1049,Donna Combs,16757.19,06-06-2025,Debit,44,532,49,Good,132300
1050,Brendan Patton,8839.28,20-02-2026,Credit,49,389,100,Good,92898
1100,Ronald Chung,25617.69,24-05-2025,Credit,64,606,89,Good,83092
1050,Wesley Lee,39676.63,09-08-2025,Credit,34,622,22,Good,62853
1028,Charles Shelton,26896.22,21-09-2025,Credit,34,606,100,Bad,137709
1005,Melissa Schwartz,31021.68,09-04-2026,Credit,26,640,30,Good,106506
1010,Tyler Collins,58689.47,03-04-2026,Credit,40,424,75,Bad,145672
1080,Julia Baxter,28944.6,05-03-2026,Debit,58,785,81,Average,117486
1015,Dr. William Crawford,47710.38,20-08-2025,Credit,42,521,20,Average,132798
1084,Kathleen Santiago,43141.87,27-06-2025,Credit,32,510,45,Bad,94283
1050,Amber Johnson,50156.56,23-04-2025,Credit,46,728,92,Average,68333
1063,Christopher Foster,53648.9,11-01-2026,Credit,29,403,8,Bad,86536
1009,Stacey Lopez,36201.06,17-02-2026,Credit,46,704,6,Average,27097
1049,Laura Matthews,3091.01,20-10-2025,Debit,56,419,61,Good,39852
1047,Steven Moore,79116.36,06-12-2025,Debit,27,507,63,Average,147331
1060,Christopher Parsons,96796.08,01-08-2025,Debit,25,481,12,Average,24770
1074,Shannon Stevens,75123.28,08-02-2026,Debit,51,495,99,Good,26581
1058,Kaitlyn Hanna,69034.31,10-09-2025,Credit,52,698,67,Good,52707
1043,Lorraine Burgess,91822.23,06-12-2025,Credit,58,531,22,Average,40606
1059,Kara Luna,21685.69,28-03-2026,Debit,25,300,75,Good,92817
1059,Anthony Jenkins,71636.61,02-04-2026,Debit,22,547,51,Average,87543
1053,David Cortez,37896.03,07-09-2025,Debit,18,795,84,Bad,100045
1085,Sandy Mitchell,25990.69,02-12-2025,Credit,25,378,46,Average,55248
1032,Molly Hill,51872.19,05-02-2026,Credit,47,710,83,Good,22163
1004,Anthony Maxwell,18020.49,25-08-2025,Credit,18,840,25,Good,76276
1083,Ruth Jimenez,44611.44,21-03-2026,Debit,58,594,21,Average,84775
1081,Anthony Jimenez,89446.43,03-12-2025,Debit,45,805,56,Good,148583
1062,Jasmin Adams,31328.59,09-09-2025,Debit,23,370,42,Good,117112
1047,Andre Lynn,9421.76,28-02-2026,Credit,28,406,62,Good,143513
1088,Ruth Montgomery,53543.15,26-08-2025,Debit,57,688,11,Bad,108633
1092,Jessica Smith,72020.22,19-03-2026,Credit,21,301,52,Average,37359
1013,Caitlyn Cruz,89202.38,10-05-2025,Debit,61,759,65,Bad,108193
1060,Juan Johnson,52828.69,23-08-2025,Credit,54,724,65,Bad,134921
1046,Sarah Lewis,77406.8,22-03-2026,Credit,33,761,42,Average,66209
1079,Wendy Mitchell,56312.59,14-12-2025,Credit,32,477,63,Good,137798
1004,Tracy Hicks,14618.39,12-03-2026,Debit,23,845,35,Bad,74783
1098,Gloria Gutierrez,15168.13,18-03-2026,Credit,22,628,12,Average,31580
1060,Hailey Garcia,35596.63,26-05-2025,Credit,63,722,71,Bad,57128
1005,Vanessa Lopez,75302.69,03-06-2025,Debit,36,757,57,Good,52501
1069,John Love,37749.03,28-01-2026,Credit,57,743,74,Good,132947
1007,Sean Ashley,9567.59,28-08-2025,Debit,21,836,49,Average,117771
1008,Amanda Daniels,39859.36,08-08-2025,Debit,38,785,71,Good,52398
1060,Eduardo Harrison,854.41,22-10-2025,Credit,35,376,12,Bad,105109
1045,Brittany Patel,72787.05,28-07-2025,Credit,25,522,59,Bad,107603
1046,Lee Sullivan,93483.6,24-06-2025,Debit,47,500,7,Average,39175
1015,Brooke Murphy,45831.03,22-08-2025,Debit,54,305,71,Bad,22394
1059,William Shannon,13160.41,22-07-2025,Debit,56,382,71,Bad,42405
1001,Chad Edwards,35851.65,13-04-2025,Credit,49,343,90,Good,66545
1047,Michele Deleon,61338.86,07-02-2026,Credit,64,325,33,Average,123711
1067,Kenneth Mcclain,73725.74,01-02-2026,Credit,53,600,85,Good,119822
1046,Henry Anderson,68511.82,05-01-2026,Credit,19,845,39,Average,35529
1095,Shawna Castillo,45709.24,27-09-2025,Debit,49,678,92,Good,36406
1041,Steven Solis,98678.98,11-04-2026,Credit,18,668,5,Good,20280
1028,Jennifer Johnson,69522.69,02-04-2026,Credit,56,850,41,Bad,96841
1087,Robert Robles,95078.21,12-07-2025,Debit,35,316,10,Good,147244
1028,William Clark,61919.36,07-11-2025,Debit,59,786,23,Average,114060
1053,Kevin Cameron,35614.91,28-06-2025,Credit,50,467,77,Average,34897
1011,Shirley Sheppard,25364.51,30-08-2025,Debit,28,679,24,Bad,42379
1082,Jennifer Wagner,49725.2,11-09-2025,Debit,22,607,16,Good,60642
1048,Mario King,53310.51,12-08-2025,Credit,49,767,76,Average,52216
1055,Julian Wells,55683.92,29-10-2025,Credit,20,521,10,Average,68718
1070,Matthew Conley,46829.92,15-12-2025,Debit,52,620,46,Bad,132678
1078,Eric Campbell,46163.84,03-12-2025,Credit,32,325,4,Average,26556
1043,Jeremy Cruz,87862.53,09-09-2025,Debit,65,683,82,Bad,91222
1023,Derrick Perez,82615.7,18-04-2025,Credit,56,568,20,Average,72611
1057,Colton Evans,16972.38,06-07-2025,Debit,61,426,28,Bad,79038
1053,Justin Joseph,32580.93,23-03-2026,Credit,33,633,88,Good,65829
1086,Robin Russo,50868.53,07-10-2025,Credit,21,436,50,Average,42864
1002,Craig Ellis,3111.55,03-06-2025,Debit,38,614,3,Good,129038
1045,Amy Caldwell,79894.55,23-04-2025,Credit,19,808,30,Bad,37447
1047,Linda Johnson,5059.71,14-09-2025,Debit,19,753,62,Bad,29003
1065,Jennifer Hardy,50115.26,19-06-2025,Debit,24,799,95,Bad,129838
1064,Rachel Murray,19728.16,05-03-2026,Credit,55,729,22,Good,118418
1012,Kathy Booth,24387.1,23-09-2025,Debit,28,562,80,Average,115183
1060,Connie Thomas,23428.35,19-12-2025,Credit,25,568,72,Good,74290
1036,David Hunt,10938.04,29-06-2025,Credit,44,443,67,Average,51122
1073,James Buck,5546.56,05-07-2025,Debit,45,664,54,Average,97933
1010,Amy Williams,42063.5,17-09-2025,Credit,36,384,9,Average,41780
1067,Brittany Davis,17049.59,22-11-2025,Debit,29,437,100,Average,76936
1043,Todd Jordan,87478.23,03-04-2026,Credit,61,589,34,Average,20221
1052,Kevin Vasquez,31296.05,11-12-2025,Credit,29,640,67,Bad,46897
1067,Sandra Bishop,69685.25,07-03-2026,Debit,24,315,57,Bad,79696
1060,Sandra Sanchez,50342.81,17-02-2026,Credit,18,390,52,Bad,51678
1024,Jennifer Hill,34444.02,24-04-2025,Debit,55,583,8,Bad,80150
1078,Dr. Seth Shelton,27490.46,15-04-2025,Debit,32,385,6,Good,32311
1058,Andrew Smith,71945.33,02-07-2025,Credit,25,376,82,Bad,63831
1085,Veronica Taylor,24827.39,18-05-2025,Credit,44,492,25,Good,110457
1007,Jessica Smith,86826.94,28-03-2026,Credit,51,780,65,Average,68363
1081,Carrie Hull,26934.69,13-09-2025,Debit,27,521,41,Bad,106351
1015,Joseph Ortiz,33461.25,24-09-2025,Debit,18,632,32,Bad,112546
1094,Ryan Pierce,80991.44,31-12-2025,Credit,57,526,65,Bad,146130
1006,Caitlyn Guzman,58932.41,12-02-2026,Credit,39,379,4,Bad,57138
1033,William Daniels,40528.28,01-11-2025,Debit,47,542,72,Good,76278
1061,Philip Armstrong,20131.08,20-01-2026,Debit,56,608,47,Bad,60679
1007,Susan Roberts,4721.18,25-06-2025,Credit,41,469,32,Average,46234
1006,Barbara Farrell,94835.65,11-09-2025,Debit,18,787,60,Bad,26645
1025,Maurice Norris,33591.76,02-01-2026,Credit,63,821,84,Good,91999
1059,Kelly Johnson,19481.79,10-12-2025,Debit,55,634,78,Bad,148260
1053,Wendy Salinas,19511.04,06-10-2025,Debit,35,627,17,Bad,47508
1071,Megan Robinson,4075.79,30-10-2025,Credit,60,598,65,Good,39550
1063,Vincent Cooper,7719.35,27-08-2025,Credit,33,509,72,Bad,79961
1024,Megan Moreno,29610.92,01-03-2026,Debit,65,585,62,Average,27112
1039,Jonathan Perez,24527.41,20-08-2025,Credit,34,653,23,Average,24548
1047,Andrea Irwin MD,26303.07,28-07-2025,Debit,28,529,42,Bad,95042
1005,Richard Watts,25811.19,11-07-2025,Credit,26,452,72,Average,73021
1059,Michael May,42503.28,13-07-2025,Debit,21,421,80,Bad,127481
1065,Alexandra Bowman,37596.69,18-05-2025,Credit,61,430,9,Average,49832
1029,Michelle Nichols,66916.43,06-07-2025,Credit,40,705,85,Bad,62241
1100,Kimberly Martinez,74161.62,18-11-2025,Debit,45,690,80,Bad,103535
1032,Christopher Sexton,41617.96,09-11-2025,Debit,55,697,50,Average,91700
1015,Juan Atkins,20214.77,07-08-2025,Credit,27,635,96,Good,61705
1007,Kevin Bailey,32109.75,27-10-2025,Debit,62,443,23,Average,81085
1014,Robin Meyer,97691.46,07-02-2026,Debit,39,505,84,Average,58664
1063,Robin Reyes DDS,8261.67,14-02-2026,Credit,37,816,2,Bad,24979
1080,Paula Burton,1753.8,26-10-2025,Credit,61,543,89,Average,46333
1093,Erika Wilson,64187.28,30-08-2025,Credit,47,681,12,Bad,117516
1071,Allison Dougherty,68423.99,16-03-2026,Credit,46,664,23,Average,84661
1095,Tammy Young,65295.15,22-07-2025,Debit,37,748,60,Bad,46666
1067,Samuel Brady,71162.5,21-03-2026,Credit,32,756,4,Bad,29617
1032,Mr. Peter Adams,35316.92,03-05-2025,Debit,51,782,19,Bad,101420
1086,Ariel Robertson,534.97,24-07-2025,Credit,63,715,75,Good,45295
1091,Candace Chambers,37571.56,19-04-2025,Credit,57,806,32,Good,121482
1058,Jimmy Tran,80967.46,30-01-2026,Debit,50,706,54,Average,144419
1084,Sonya Ruiz,93807.09,28-05-2025,Debit,30,522,62,Good,37155
1011,Shawn Harris,74144.77,15-08-2025,Debit,27,617,5,Good,50943
1043,Anna Harris,54752.4,20-11-2025,Credit,36,569,33,Bad,87688
1071,Francisco Reeves,5299.64,28-01-2026,Debit,27,349,29,Good,86341
1031,Michael Gonzalez,99273.09,16-08-2025,Credit,34,497,59,Average,112237
1052,Randall Pacheco,45548.81,07-04-2026,Credit,37,563,94,Bad,95321
1045,Johnny Li,73553.46,26-04-2025,Credit,24,699,23,Bad,36947
1093,Tracey Torres,34066.16,16-05-2025,Debit,61,449,22,Good,51717
1017,April Woodard,11693.19,01-08-2025,Debit,52,711,53,Good,77450
1065,Kayla Brady,74491.88,25-02-2026,Debit,63,580,77,Average,74134
1033,Jesse White,51847.5,22-08-2025,Debit,19,515,76,Average,51330
1090,Sean Russell,63134.34,03-11-2025,Credit,29,701,74,Good,91459
1013,Sara Marsh,98666.35,03-07-2025,Debit,21,533,90,Good,115233
1038,Earl Sullivan,27360.2,04-06-2025,Credit,62,404,32,Good,31598
1060,Mathew Bell,81386.84,25-12-2025,Credit,26,824,61,Bad,91715
1045,Mark Vasquez,87745.45,10-11-2025,Credit,37,591,39,Bad,24716
1068,Regina Baldwin,47553.63,12-12-2025,Credit,58,762,97,Average,127315
1007,Jonathan Foster,65538.49,06-03-2026,Credit,63,704,89,Good,137133
1032,Thomas Watson,79945.29,20-11-2025,Credit,64,641,24,Average,123589
1087,Regina Hayes,96005.3,25-12-2025,Debit,21,707,91,Average,66265
1097,Sharon Burns,44636.99,29-05-2025,Debit,25,772,100,Good,116421
1047,Mrs. Nancy Ryan,78008.12,29-12-2025,Credit,21,602,56,Bad,59390
1067,Jennifer Rivera,19632.45,31-08-2025,Credit,32,774,40,Good,32492
1016,Isaac Brown,48568.55,14-03-2026,Debit,48,578,99,Average,92408
1029,Javier Anderson,70012.36,29-04-2025,Debit,59,320,64,Bad,84926
1070,Mary Rodgers,52328.75,29-03-2026,Credit,50,728,29,Average,122065
1079,Michele Chaney,1274.76,26-09-2025,Debit,43,544,60,Average,58442
1064,Jennifer Nunez,20161.99,29-05-2025,Debit,44,783,13,Average,105969
1088,Crystal Russell,89544.59,26-05-2025,Credit,24,300,18,Average,35021
1058,Patricia Miller,15575.7,29-07-2025,Debit,54,360,95,Good,119684
1061,Carlos Davis,38505.62,24-01-2026,Credit,36,394,94,Bad,68179
1088,Cody Wong,43302.15,25-01-2026,Debit,40,376,86,Good,144949
1093,Amanda Colon,37705.94,23-08-2025,Debit,20,740,32,Average,24549
1097,Erica Rodriguez,72313.29,07-06-2025,Credit,21,577,70,Bad,117057
1079,Sierra Ellis,43850.84,27-09-2025,Credit,50,304,19,Average,105399
1046,Bryan Cooper,30739.59,10-01-2026,Debit,27,821,71,Good,66322
1009,Paul Lewis,85602.63,23-08-2025,Debit,63,534,49,Bad,39273
1042,Tonya Oneal,4727.91,24-02-2026,Debit,48,817,31,Good,34211
1073,Robert Costa,97889.22,05-01-2026,Credit,48,734,89,Average,99708
1076,Rebecca Davis,56571.53,19-08-2025,Debit,31,401,74,Good,76299
1019,Benjamin Banks,29525.63,07-08-2025,Debit,18,830,76,Average,86353
1080,Dr. Marie Ramos,60333.19,19-10-2025,Credit,27,396,15,Bad,69354
1010,Jorge Barber,30787.73,24-01-2026,Debit,65,781,89,Average,29784
1011,Robert Morris,75422.86,20-02-2026,Debit,64,308,20,Good,108711
1029,Christopher Jackson,43641.23,26-10-2025,Debit,59,384,83,Average,64510
1084,Randall Davis,95110.8,08-04-2026,Debit,43,819,56,Bad,23158
1100,Jessica Wood,48379.63,23-10-2025,Debit,33,746,93,Bad,140794
1031,Sarah Page,59239.63,04-05-2025,Debit,46,462,90,Good,125640
1088,Alexandria Hernandez,11785.98,17-08-2025,Debit,25,473,34,Average,58991
1010,Kayla Robinson,22569.52,27-12-2025,Credit,55,343,38,Average,98842
1036,Denise Weber,68847.93,22-02-2026,Credit,46,542,89,Bad,89234
1012,Tina Brown,55087.86,01-06-2025,Debit,65,743,57,Average,61874
1064,Bradley Gilbert,20224.34,09-10-2025,Credit,51,653,49,Bad,63618
1051,Kristine Powell,82792.46,09-12-2025,Credit,28,772,64,Bad,138278
1074,William Anderson,14035.24,06-03-2026,Credit,46,726,16,Average,74415
1015,Hannah Foster,56528.44,17-02-2026,Credit,31,777,20,Good,144258
1050,Kevin Crawford,83935.29,08-03-2026,Credit,29,300,71,Bad,30539
1020,Shirley King,89723.62,27-04-2025,Debit,59,580,86,Bad,52250
1009,Christopher Roberts,63199.01,08-03-2026,Credit,18,449,55,Average,91491
1069,Daniel White,95251.26,11-06-2025,Debit,39,461,96,Good,33414
1012,Jessica Johns,21589.92,28-11-2025,Debit,46,660,61,Bad,35856
1020,Alexa Walker MD,70581.93,09-05-2025,Debit,38,850,79,Good,25237
1074,Katherine Gomez,64068.16,26-11-2025,Credit,55,689,9,Good,138932
1057,Melanie Washington,53701.86,24-03-2026,Credit,45,397,31,Bad,53042
1009,Brenda Patterson,14853.26,01-07-2025,Debit,36,531,17,Good,121165
1093,Donna Alexander,72197.41,16-02-2026,Credit,45,772,21,Bad,80091
1066,Michelle Clark,88994.29,31-10-2025,Credit,43,470,80,Average,133183
1064,Scott Strong,49455.25,22-09-2025,Credit,30,628,94,Bad,56667
1060,Heather Hernandez,37657.14,14-11-2025,Debit,33,655,15,Bad,53425
1029,Heather Castillo,58160.62,07-12-2025,Debit,32,358,49,Bad,100870
1004,Amy Caldwell,7772.95,22-05-2025,Debit,50,335,24,Good,21921
1056,Johnny Smith,96085.15,16-01-2026,Credit,60,571,16,Bad,23061
1035,Samantha Strickland,40932.09,28-06-2025,Credit,38,387,86,Bad,32333
1093,Scott Rosales,53251.13,22-03-2026,Debit,37,389,89,Bad,108186
1075,Shannon Robertson,94491.45,02-12-2025,Credit,41,511,20,Average,61778
1094,Ian Garza,53139.1,01-04-2026,Credit,55,589,91,Good,107523
1064,Barry Haynes,30535.47,25-11-2025,Debit,45,635,38,Bad,80066
1072,Caroline Wright,33022.23,04-06-2025,Credit,28,511,76,Good,53555
1028,Timothy Decker,38844.49,13-10-2025,Credit,31,602,73,Average,139972
1100,Julie Wilson,50278.49,10-10-2025,Credit,27,372,58,Bad,74249
1081,Joseph Lambert,46827.7,22-10-2025,Credit,64,358,52,Average,89504
1042,Christina Duran,14817.22,27-04-2025,Credit,61,757,96,Bad,56217
1091,Ethan Rogers,13359.18,13-05-2025,Credit,37,648,6,Average,129487
1047,Lauren Richards,47140.3,11-09-2025,Debit,29,789,84,Good,88253
1070,Dennis Garcia,31412.6,04-03-2026,Debit,63,650,36,Average,86285
1005,Kelly Davis,13797.54,21-10-2025,Debit,55,488,76,Good,44334
1031,Anna Gibson,17569.9,25-04-2025,Credit,38,542,9,Bad,28369
1062,Joshua Murphy,80434.1,22-05-2025,Credit,39,465,29,Good,68126
1075,Makayla Wagner,59794.97,13-06-2025,Debit,42,407,39,Good,43705
1012,Cindy Carney,54415.38,12-04-2026,Credit,33,677,78,Average,28020
1065,Christie Moore,41996.82,12-03-2026,Debit,21,670,32,Bad,125820
1029,Brian Hughes,44796.4,10-11-2025,Credit,44,540,4,Good,94775
1070,John Delgado,58927.87,26-09-2025,Debit,32,340,14,Good,147916
1043,Jeremy Villa,94772.44,12-01-2026,Credit,21,479,5,Average,89063
1086,Erin Carroll,95676.24,23-10-2025,Credit,50,657,49,Bad,132525
1006,Leah Lewis,34533.46,26-10-2025,Debit,18,731,59,Bad,130266
1091,Travis Davenport,987.99,09-02-2026,Credit,33,366,93,Average,77685
1019,James Underwood,867.06,24-11-2025,Debit,32,515,79,Bad,147011
1002,Joshua Gross,92425.74,03-06-2025,Debit,41,629,12,Bad,133349
1010,Shannon Dickson,32253.55,25-01-2026,Credit,53,303,87,Bad,80138
1098,James Cole,95499.69,02-11-2025,Debit,45,650,100,Average,57718
1011,Jerry Barker,67310.06,23-08-2025,Debit,26,775,44,Bad,149917
1055,John Bates,73269.36,24-02-2026,Credit,27,616,10,Bad,64528
1001,Laura Flores,78696.53,07-09-2025,Debit,24,450,49,Average,108654
1039,Jennifer Hogan,88028.51,03-07-2025,Credit,59,540,76,Average,48013
1075,Ashley Huffman MD,66989.36,19-02-2026,Credit,29,544,54,Good,122999
1100,Michael Freeman,35365.41,17-04-2025,Debit,39,526,91,Bad,117867
1011,John Vance,78211.97,21-03-2026,Credit,34,369,89,Bad,26927
1065,Margaret Briggs,60816.65,14-05-2025,Debit,30,319,44,Average,138602
1015,Tracy Stewart,88075.42,28-03-2026,Credit,29,510,65,Bad,42487
1067,Cody Torres,405.91,31-08-2025,Credit,29,416,7,Bad,74621
1009,Anthony Kim,79147.26,17-07-2025,Credit,46,486,4,Bad,89316
1053,Jonathan Evans,74707.22,26-09-2025,Debit,48,483,31,Good,109691
1094,Harry Carpenter,1692.23,30-11-2025,Credit,51,735,44,Average,59894
1077,Heather Carlson,96203.54,07-11-2025,Credit,44,599,97,Bad,90322
1006,Peter Stewart,26648.6,02-03-2026,Debit,42,799,38,Good,118659
1058,Mikayla Adams,62488.3,13-11-2025,Credit,22,647,1,Average,53766
1029,Sierra Gonzalez,28747.06,04-07-2025,Credit,19,670,61,Good,66807
1009,Justin Davenport,15970.23,09-11-2025,Debit,20,817,90,Good,50331
1059,Jordan Garcia,32654.88,07-05-2025,Credit,29,508,89,Bad,125975
1084,James Levine,5689.58,22-03-2026,Credit,64,329,100,Average,69046
1097,Joseph Russell,32306.32,29-12-2025,Debit,29,812,12,Bad,83903
1003,Carlos Kelley,76368.56,14-02-2026,Debit,36,836,26,Good,72009
1028,Nicole Mason,99963.82,18-03-2026,Credit,42,850,44,Bad,32164
1091,Leslie Barnett MD,78877.68,24-03-2026,Credit,21,427,67,Average,32921
1029,Morgan Mcbride,23801.66,01-12-2025,Debit,59,372,53,Average,32659
1034,Ronald Nunez,32312.99,27-10-2025,Credit,41,416,47,Average,110159
1014,Jordan Ross,57276.81,08-11-2025,Credit,63,362,33,Bad,39142
1062,Casey Wallace,28361,22-04-2025,Credit,43,669,52,Bad,66550
1027,Travis Moss,47483.91,08-12-2025,Debit,37,501,53,Good,68897
1029,Jeffrey Miller,85862.03,01-03-2026,Debit,40,440,58,Average,20815
1093,Patricia Wagner,44317.27,04-04-2026,Credit,26,740,19,Average,71931
1075,Leslie Hampton,87248.2,04-12-2025,Credit,41,709,6,Bad,96019
1076,Derrick Mason,8783,19-05-2025,Debit,60,801,48,Bad,68175
1080,Dr. Larry Webb II,57413.87,25-11-2025,Debit,40,835,58,Average,60915
1063,Michael Flowers,93700.29,07-03-2026,Credit,60,394,19,Good,25500
1060,Shelby Mendoza,56053.64,04-12-2025,Debit,35,362,45,Good,82214
1081,Abigail Taylor,92743.08,25-12-2025,Debit,38,803,80,Average,58324
1099,Janet Brock,44429.41,07-02-2026,Credit,54,780,82,Good,23508
1043,Amanda Ashley,37195.44,09-01-2026,Credit,56,817,26,Bad,144099
1076,Roger Dunn,55275.86,22-07-2025,Credit,62,843,38,Good,119414
1071,Lisa Yates,8915.61,27-10-2025,Debit,42,323,83,Average,96113
1003,Mrs. Tiffany Lewis DVM,6443.52,31-12-2025,Debit,52,748,96,Bad,57267
1026,Jeffrey Murray,50417.07,22-05-2025,Debit,25,352,24,Average,100067
1020,Mrs. Marie Jones,86491.79,09-10-2025,Credit,31,475,91,Bad,109525
1014,Laura Crane,85781.48,13-01-2026,Debit,28,668,17,Good,56214
1066,Brandon Gray,65338.59,11-02-2026,Debit,34,477,9,Good,93396
1043,Hannah Hernandez,63935.63,12-04-2026,Credit,40,793,82,Bad,85132
1096,Terry Cook,51219.41,30-04-2025,Credit,53,471,3,Average,129359
1029,Kevin Dickson,72577.42,05-06-2025,Debit,37,478,99,Good,136635
1008,Danielle Rush,8636.25,29-10-2025,Debit,25,460,3,Bad,145371
1069,Donna Weaver,33776.24,27-09-2025,Debit,51,613,52,Bad,116997
1077,Mrs. Ashley Parker,86994.37,04-11-2025,Credit,62,605,62,Bad,93179
1078,Marissa Washington MD,4299.56,30-10-2025,Credit,56,464,64,Average,130659
1075,Stacey Chaney,87241.12,08-12-2025,Credit,52,798,5,Average,66133
1031,Chad Bryant,96940.8,06-05-2025,Debit,23,312,99,Average,78914
1012,Jack Diaz,53370.41,09-03-2026,Debit,60,443,25,Bad,32430
1018,Jeff Perez,16539.86,30-11-2025,Credit,65,558,69,Average,53372
1053,Melissa Ford,89173.42,22-09-2025,Debit,22,337,88,Good,78105
1073,Janet Thompson,91016.77,06-11-2025,Credit,23,767,26,Average,28194
1095,Ashley Garcia,25280.43,21-08-2025,Debit,64,762,63,Average,126046
1063,Matthew Petersen DVM,31187.09,25-12-2025,Debit,36,786,20,Bad,113172
1020,Stephanie Herrera,66809.96,30-07-2025,Debit,47,703,36,Bad,106130
1038,Robert Ramirez,16730.28,05-11-2025,Debit,55,381,39,Bad,64166
1051,Benjamin Banks,5890.02,12-06-2025,Credit,54,415,75,Average,125187
1037,Julie Rodriguez,34230.98,26-07-2025,Debit,32,515,37,Average,126909
1080,Stacy Rowland,61125.57,08-10-2025,Credit,50,515,64,Average,133189
1001,John Davis,1088.98,30-03-2026,Debit,27,557,30,Good,44572
1096,Michelle Ferguson,51500.84,21-07-2025,Debit,58,428,63,Good,138411
1010,Cory Santiago,65439.66,22-08-2025,Debit,40,316,22,Bad,130225
1046,Bryce Davis,84912.69,27-04-2025,Credit,48,795,15,Average,40175
1084,Rose Smith,36575.46,25-09-2025,Debit,29,759,76,Bad,45229
1009,Laurie Salas,80216.09,30-01-2026,Credit,48,824,76,Average,82596
1025,Julie Kerr,32224.19,31-05-2025,Debit,36,640,28,Average,22573
1028,Peter Jones,25071.13,14-02-2026,Credit,35,755,40,Average,143428
1085,Raven Quinn,99778.81,13-07-2025,Credit,35,789,9,Bad,78157
1092,Anthony White,60433.82,18-11-2025,Debit,52,569,45,Average,55884
1047,Richard Coleman,27794.29,12-12-2025,Credit,47,601,42,Average,74298
1023,Jesus Owens,50184.42,28-08-2025,Debit,20,607,11,Good,75403
1013,Brandon Daniels,38401.24,09-09-2025,Debit,27,334,42,Average,125854
1027,Wendy Boyd,54123.82,17-04-2025,Credit,61,557,86,Bad,59100
1058,Veronica Stephens,1790.61,24-03-2026,Credit,19,453,66,Bad,103074
1094,Marcus Jensen,92674.67,26-10-2025,Credit,42,409,57,Bad,131241
1075,Willie Yates,13922.37,11-06-2025,Debit,32,704,28,Good,62317
1054,Maureen Rodriguez,11625.54,26-07-2025,Credit,57,431,92,Bad,115820
1087,Craig Jackson,13363.24,23-02-2026,Debit,24,639,58,Bad,33199
1040,William Weiss,60365.47,13-09-2025,Credit,45,472,62,Good,122642
1036,Alyssa Compton,70211.8,10-04-2026,Credit,27,665,97,Bad,36886
1017,Kimberly Chavez,13837.78,14-03-2026,Debit,42,694,72,Good,48136
1025,Karen Russell,44299.54,02-04-2026,Debit,31,391,53,Good,52115
1056,Eric Copeland,59796.21,29-06-2025,Debit,33,368,12,Bad,71465
1047,Micheal Craig,94198.22,01-09-2025,Credit,39,499,63,Average,131069
1072,Aaron Matthews,63229.84,06-10-2025,Credit,43,783,56,Good,34374
1048,Janet Taylor,39994.85,09-07-2025,Debit,39,544,95,Good,25692
1032,Nicole Burns,5190.48,16-06-2025,Debit,52,699,86,Bad,53097
1036,Ashley Stewart,92333.11,12-04-2026,Debit,42,374,51,Average,44766
1007,Kimberly Sanford,80005.53,17-05-2025,Credit,25,322,74,Bad,43716
1025,Samuel Fuller,66972.56,16-02-2026,Credit,54,806,97,Average,120417
1038,Bailey Johnson,90018.29,10-07-2025,Credit,25,574,90,Bad,114412
1062,Jeffrey Ford,30078.55,07-08-2025,Debit,65,700,2,Average,61042
1031,Megan Lee,21426.25,21-10-2025,Credit,34,732,37,Average,34296
1031,Daniel Stuart,5190.95,13-05-2025,Credit,31,312,47,Good,52110
1094,Dana Carney,29952.52,02-07-2025,Debit,28,844,85,Average,76349
1030,Phillip Brooks,18514.43,06-01-2026,Credit,23,741,69,Bad,72175
1047,Jeremy Bean,30899.51,09-05-2025,Credit,27,764,98,Average,117737
1007,Amanda Wolf,12479.01,21-04-2025,Credit,56,565,12,Good,70492
1027,Lisa Melendez,92133.42,16-11-2025,Credit,24,450,100,Bad,82637
1072,Hannah Good,55889.33,04-04-2026,Credit,64,393,75,Average,112456
1093,Brandy Kelly,48044.92,30-07-2025,Credit,48,334,55,Good,95090
1017,Tyrone Hardy,93630.96,30-06-2025,Debit,51,767,54,Average,47666
1058,Thomas Paul,47571.36,09-10-2025,Credit,35,666,42,Bad,80881
1070,Alexander Pittman DDS,58459.96,06-08-2025,Credit,52,720,83,Good,62674
1074,Stephen Lynch,43462.93,10-06-2025,Debit,28,553,89,Average,42364
1063,Susan Murray,71788.99,02-12-2025,Credit,24,430,16,Average,95139
1005,Brian Perry,69634.31,17-03-2026,Debit,62,625,74,Average,20034
1007,Timothy Allen Jr.,23533.23,03-12-2025,Credit,19,399,12,Average,62814
1072,Cody Barnes,47480.5,18-10-2025,Credit,61,831,25,Good,140502
1007,Dana Jackson,78781.73,11-02-2026,Debit,61,754,68,Good,55096
1051,Miranda Wolfe,76799.33,25-10-2025,Credit,31,539,72,Good,126914
1100,Paula Perez,17517.09,29-12-2025,Credit,60,484,79,Good,99606
1074,Marc Tate,12725.8,02-08-2025,Credit,21,736,19,Average,109128
1016,Melissa Jackson,94599.17,29-05-2025,Debit,31,463,76,Average,56598
1072,Eric Pierce,21793.33,05-05-2025,Debit,58,841,91,Bad,145094
1057,Kyle Bishop,96134.81,26-10-2025,Credit,19,629,96,Average,133561
1070,Francisco Murphy,92975.79,27-04-2025,Credit,46,749,84,Good,116878
1014,Crystal Palmer,464.11,29-04-2025,Debit,60,414,67,Average,148702
1045,Jennifer Parker,88958.69,01-10-2025,Credit,55,793,23,Good,128236
1063,Douglas Chandler,28353.22,25-07-2025,Debit,44,532,49,Good,132300
1034,Jonathan Hicks,87301.2,25-05-2025,Credit,49,389,100,Good,92898
1075,Pamela Hudson,46350.59,31-07-2025,Debit,64,606,89,Good,83092
1032,Autumn James,54561.94,15-03-2026,Debit,34,622,22,Good,62853
1081,Jennifer Kelly,48542.24,15-12-2025,Credit,34,606,100,Bad,137709
1068,Joshua Gutierrez,76147.04,22-07-2025,Credit,26,640,30,Good,106506
1085,Vicki Parsons,30269.27,14-06-2025,Credit,40,424,75,Bad,145672
1066,Craig Rodriguez,89962.18,23-02-2026,Credit,58,785,81,Average,117486
1040,Maria Johnson,65023.28,18-06-2025,Credit,42,521,20,Average,132798
1073,Michelle Price,84860.88,17-09-2025,Credit,32,510,45,Bad,94283
1043,Catherine Brown,43815.93,16-06-2025,Debit,46,728,92,Average,68333
1094,Jessica Henry,85138,27-01-2026,Debit,29,403,8,Bad,86536
1020,Stacy Wood,9367.39,27-08-2025,Debit,46,704,6,Average,27097
1022,Joanna Terry,38567.22,02-10-2025,Debit,56,419,61,Good,39852
1031,Richard Freeman,79938.06,29-09-2025,Debit,27,507,63,Average,147331
1004,David Martinez,20884.88,04-09-2025,Debit,25,481,12,Average,24770
1012,Gregory Adams,27582.2,23-01-2026,Debit,51,495,99,Good,26581
1006,Joseph Brown,69518.32,23-03-2026,Credit,52,698,67,Good,52707
1095,Jamie Francis,84321.4,17-05-2025,Credit,58,531,22,Average,40606
1064,Julian Hernandez,16169.18,09-07-2025,Credit,25,300,75,Good,92817
1085,Kevin Ballard,51149.43,10-04-2026,Debit,22,547,51,Average,87543
1087,John Reyes,21245.08,06-11-2025,Debit,18,795,84,Bad,100045
1021,Valerie Ho,80620.95,06-08-2025,Credit,25,378,46,Average,55248
1097,Robert Green,52730.13,30-06-2025,Debit,47,710,83,Good,22163
1044,Linda Mercer,82818.73,02-04-2026,Debit,18,840,25,Good,76276
1016,Sydney Lewis,25922.95,26-03-2026,Debit,58,594,21,Average,84775
1070,Nancy Robinson,25414.09,19-07-2025,Credit,45,805,56,Good,148583
1088,Claudia Frazier,29727.06,27-07-2025,Debit,23,370,42,Good,117112
1061,Peter Schneider,48788.31,08-09-2025,Credit,28,406,62,Good,143513
1075,Sharon Benson,21639.71,14-12-2025,Debit,57,688,11,Bad,108633
1066,Amber Peterson,70306.25,13-04-2026,Debit,21,301,52,Average,37359
1024,Angela Boyd,9341.11,04-08-2025,Debit,61,759,65,Bad,108193
1068,Jeffrey Robinson,934.91,23-03-2026,Debit,54,724,65,Bad,134921
1046,Michael Montgomery,24603.83,26-09-2025,Debit,33,761,42,Average,66209
1098,Anna Thomas,54030.44,21-03-2026,Credit,32,477,63,Good,137798
1092,Susan Rocha,46883.42,03-01-2026,Credit,23,845,35,Bad,74783
1054,Mary Castro,73615.92,29-09-2025,Debit,22,628,12,Average,31580
